Title,Author,isInGallery,Location,OpenTK_Version,OpenGL_Version,Type
Cgen.Audio,CXO2,TRUE,http://www.opentk.com/project/Cgaudio,,,Project
DerpGL,Sloth,TRUE,http://www.opentk.com/project/derpgl,,,Project
VorbisDecoder,Tyrrrz,TRUE,http://www.opentk.com/project/VorbisDecoder,,,Project
Lengine,croman102,TRUE,http://www.opentk.com/project/OMWandLEngine,,,Project
1 Minute Warfare,croman102,TRUE,http://www.opentk.com/project/OMWandLEngine,,,Project
AltOpenTK,AltSoftLab,TRUE,http://www.opentk.com/project/AltOpenTK,,,Project
SevenEngine,Seven,TRUE,http://www.opentk.com/project/SevenEngine,,,Project
AltSketch,AltSoftLab,TRUE,http://www.opentk.com/project/AltSketch,,,Project
Beam Machine,james_lohr,TRUE,http://www.opentk.com/project/BeamMachine,,,Project
Fimbulvetr Game Engine,greenboxal,TRUE,http://www.opentk.com/project/fimbulvetr,,,Project
L-Systems Viewer,lexa,TRUE,http://www.opentk.com/project/LSystemsViewer,,,Project
QuickFont,james_lohr,TRUE,http://www.opentk.com/project/QuickFont,,,Project
Synergy3D,NeonArtist,TRUE,http://www.opentk.com/project/Syn3D,,,Project
L-System Workpad,elaverick,TRUE,http://www.opentk.com/project/LSystemWP,,,Project
Xrevolution,IDWMaster,TRUE,http://www.opentk.com/project/XRevolution,,,Project
Spacewar Arena,cody,TRUE,http://www.opentk.com/project/spacewar-arena,,,Project
JigLibOpenTK,cody,TRUE,http://www.opentk.com/project/JigLibOpenTK,,,Project
SL#,WoSteff,TRUE,http://www.opentk.com/project/SLSharp,,,Project
Crystal Vision Game Engine,siriusblack,TRUE,http://www.opentk.com/project/CVE,,,Project
MaxDream,Tal,TRUE,http://www.opentk.com/project/maxdream,,,Project
CgNet,smiley8o,TRUE,http://www.opentk.com/project/CgNet,,,Project
GLPlusPlus C++ OpenGL headers,the Fiddler,TRUE,http://www.opentk.com/project/glplusplus,,,Project
Render Stack,tksuoran,TRUE,http://www.opentk.com/project/renderstack,,,Project
Yask,Hortus Longus,TRUE,http://www.opentk.com/project/Yask,,,Project
KRI Engine,kvark,TRUE,http://www.opentk.com/project/kri,,,Project
Lab3D,douglas125,TRUE,http://www.opentk.com/project/Lab3D,,,Project
Meshomatic,Icefox,TRUE,http://www.opentk.com/project/Meshomatic,,,Project
OpenTK.Text,the Fiddler,TRUE,http://www.opentk.com/project/text,,,Project
Cloo,nythrix,TRUE,http://www.opentk.com/project/cloo,,,Project
The Open Toolkit Demo,the Fiddler,TRUE,http://www.opentk.com/project/opentk-demo,,,Project
OpenBCI Labyrinth,the Fiddler,TRUE,http://www.opentk.com/project/labyrinth,,,Project
ColladaDotNet,glebedev,TRUE,http://www.opentk.com/project/colladadotnet,,,Project
Mooglegiant's Game Assistant,mooglegiant,TRUE,http://www.opentk.com/project/MogAssist,,,Project
GTKSharp OpenGL Widget,JTalton,TRUE,http://www.opentk.com/project/glwidget,,,Project
Texture Utility Library,objarni,TRUE,http://www.opentk.com/project/TexLib,,,Project
Dungeon Eye,iliak,TRUE,http://www.opentk.com/project/DungeonEye,,,Project
CSat,pukplaus,TRUE,http://www.opentk.com/project/CSat,,,Project
Icarus Scene Engine,emachinnes,TRUE,http://www.opentk.com/project/ISE,,,Project
Golem 3D Model Editor,JTalton,TRUE,http://www.opentk.com/project/Golem3D,,,Project
Robotech MMO,Kamujin,TRUE,http://www.opentk.com/project/RobotechMMO,,,Project
OOGL,Kamujin,TRUE,http://www.opentk.com/project/OOGL,,,Project
The Open Toolkit Library,the Fiddler,TRUE,http://www.opentk.com/project/opentk,,,Project
WPF OpenGL,Steve Haroz,FALSE,http://steveharoz.com/wpfopentk/,,,Project
Simple 2D Clock in WinForms,Kishord Gupta,FALSE,https://kishordgupta.wordpress.com/2010/12/21/opentk-a-simple-2d-clock-design-in-windows-form-c-basic-opentk-1/,,,Project
